subset,subset_scores,delta_val,fairness_goal,utility_ratio,method,fairness_ratio,wall_time,total_positions_seen,position_seen_prop,group_0,group_1,group_0_val,group_1_val,group_0_cnt,group_1_cnt,sa_count,ra_count,data_name
"[18728 13447 11033 11769 18754 11593 10431 18684 18717 13024 18664 17897
 12697 18567 18653 18694 12642  8032  8341 18690 10599 11121 11756  9059
 18655 18792 15949 11003 10427 18758 17254 17337 17982 12640 10959 10224
  9999 11630  9013 18500 18636 18089 16731 17523 11357 11394 11917 12073
  8339 18685 15970 10737 11675 11754 18353 18652 18674 18691 18759 13813
  9759 11616 11880 23150  9057  8301 12750 17230 10354 10455 18642 18703
 18711 18786  9320  9326 11902 11914  8992 18375]","[6370.386 6370.38  6368.927 6367.924 6367.386 6364.924 6362.925 6362.386
 6362.386 6362.38  6361.386 6361.379 6361.378 6360.386 6360.386 6360.386
 6360.378 6359.83  6359.829 6359.386 6358.926 6358.926 6358.924 6358.831
 6358.386 6358.386 6358.378 6357.927 6357.925 6357.386 6357.38  6357.38
 6357.379 6357.378 6356.927 6356.925 6356.924 6356.924 6356.831 6356.386
 6356.386 6356.381 6356.38  6356.38  6355.926 6355.924 6355.924 6355.912
 6355.829 6355.386 6355.378 6354.926 6354.924 6354.924 6354.386 6354.386
 6354.386 6354.386 6354.386 6354.381 6353.926 6353.924 6353.924 6353.909
 6353.831 6353.829 6353.38  6353.38  6352.925 6352.925 6352.386 6352.386
 6352.386 6352.386 6351.932 6351.932 6351.924 6351.924 6351.831 6351.386]",1,proportional,1.0,fagins,0.7381531593093709,30.568433618545534,230909,0.8008886083325241,married,not-married,0.0021662387676508344,0.0015990159901599016,54,26,13849,133966,bank
